system,exp_ddg,mutation1,mutation,type,time,pred_ddg,err,abs_err,start_aa1,end_aa1,start_restype,end_restype,res_ss,res_ss_str,is_charged,start_formal_charge,end_formal_charge,delta_formal_charge,abs_delta_formal_charge,breaks_salt_bridge,breaks_cross_int_salt_bridge,start_size,end_size,delta_size,abs_delta_size,start_cpx_fsasa,end_cpx_fsasa,start_sol_fsasa,end_sol_fsasa,start_cpx_sc_fsasa,end_cpx_sc_fsasa,start_sol_sc_fsasa,end_sol_sc_fsasa,start_delta_fsasa,end_delta_fsasa,start_delta_sc_fsasa,end_delta_sc_fsasa,max_delta_prime_energy,max_ddg_1ns,max_wt_pipi_freq,max_mut_pipi_freq,max_sum_wt_pipi_freq,max_sum_mut_pipi_freq,max_wt_picat_freq,max_mut_picat_freq,max_sum_wt_picat_freq,max_sum_mut_picat_freq,max_delta_max_pipi_freq,min_delta_max_pipi_freq,largest_delta_max_pipi_freq,abs_largest_delta_max_pipi_freq,max_delta_sum_pipi_freq,min_delta_sum_pipi_freq,largest_delta_sum_pipi_freq,abs_largest_delta_sum_pipi_freq,max_delta_max_picat_freq,min_delta_max_picat_freq,largest_delta_max_picat_freq,abs_largest_delta_max_picat_freq,max_delta_sum_picat_freq,min_delta_sum_picat_freq,largest_delta_sum_picat_freq,abs_largest_delta_sum_picat_freq,start_n_cpx_pi_hbonds,start_n_sol_pi_hbonds,end_n_cpx_pi_hbonds,end_n_sol_pi_hbonds,charged_neighbors_5.0,charged_neighbors_7.5,charged_neighbors_10.0,start_n_cpx_ha_neighbors,end_n_cpx_ha_neighbors,start_n_sol_ha_neighbors,end_n_sol_ha_neighbors
3SKJ_HL,1.63,H:A100CI,H-ALA100CILE,neutral,10,3.16,1.5300000000000002,1.5300000000000002,A,I,nonpolar,nonpolar,0,loop,FALSE,0,0,0,0,FALSE,FALSE,5,8,3,3,0.0252,0.0114,1.0145,0.9624,0.0252,0.0114,1.0145,0.9624,-0.9893,-0.9510000000000001,-0.9893,-0.9510000000000001,84.23356997660085,5.296508978777435,0,0,0,0,0,0,0,0,0,0,0,0,0,0,0,0,0,0,0,0,0,0,0,0,0,0,0,0,1,4,12,40,61,12,13
3SKJ_HL,1.63,H:A100CI,H-ALA100CILE,neutral,100,2.05,0.41999999999999993,0.41999999999999993,A,I,nonpolar,nonpolar,0,loop,FALSE,0,0,0,0,FALSE,FALSE,5,8,3,3,0.0252,0.0114,1.0145,0.9624,0.0252,0.0114,1.0145,0.9624,-0.9893,-0.9510000000000001,-0.9893,-0.9510000000000001,84.23356997660085,5.296508978777435,0,0,0,0,0,0,0,0,0,0,0,0,0,0,0,0,0,0,0,0,0,0,0,0,0,0,0,0,1,4,12,40,61,12,13
3SKJ_HL,-0.28,H:V100DM,H-VAL100DMET,neutral,10,-0.17,0.11000000000000001,0.11000000000000001,V,M,nonpolar,nonpolar,0,loop,FALSE,0,0,0,0,FALSE,FALSE,7,8,1,1,0.0402,0.0175,0.7616,0.7559,0.0402,0.0175,0.7616,0.7559,-0.7214,-0.7384000000000001,-0.7214,-0.7384000000000001,-6.9638946454979305,0.23369490295664738,0,0,0,0,0,0,0,0,0,0,0,0,0,0,0,0,0,0,0,0,0,0,0,0,0,0,0,0,1,5,12,36,46,13,13
3SKJ_HL,-0.28,H:V100DM,H-VAL100DMET,neutral,100,0.06,0.34,0.34,V,M,nonpolar,nonpolar,0,loop,FALSE,0,0,0,0,FALSE,FALSE,7,8,1,1,0.0402,0.0175,0.7616,0.7559,0.0402,0.0175,0.7616,0.7559,-0.7214,-0.7384000000000001,-0.7214,-0.7384000000000001,-6.9638946454979305,0.23369490295664738,0,0,0,0,0,0,0,0,0,0,0,0,0,0,0,0,0,0,0,0,0,0,0,0,0,0,0,0,1,5,12,36,46,13,13
3SKJ_HL,0.95,H:A100EI,H-ALA100EILE,neutral,10,0.77,-0.17999999999999994,0.17999999999999994,A,I,nonpolar,nonpolar,0,loop,FALSE,0,0,0,0,FALSE,FALSE,5,8,3,3,0.0388,0.0184,0.6319,0.5206,0.0388,0.0184,0.6319,0.5206,-0.5931,-0.5022,-0.5931,-0.5022,47.168868598600966,1.5644806820243067,0,0,0,0,0,0,0,0,0,0,0,0,0,0,0,0,0,0,0,0,0,0,0,0,0,0,0,0,4,9,13,35,53,16,29
3SKJ_HL,0.95,H:A100EI,H-ALA100EILE,neutral,100,0.74,-0.20999999999999996,0.20999999999999996,A,I,nonpolar,nonpolar,0,loop,FALSE,0,0,0,0,FALSE,FALSE,5,8,3,3,0.0388,0.0184,0.6319,0.5206,0.0388,0.0184,0.6319,0.5206,-0.5931,-0.5022,-0.5931,-0.5022,47.168868598600966,1.5644806820243067,0,0,0,0,0,0,0,0,0,0,0,0,0,0,0,0,0,0,0,0,0,0,0,0,0,0,0,0,4,9,13,35,53,16,29
3SKJ_HL,-1.39,H:A100EK,H-ALA100ELYS,charged,10,2.03,3.42,3.42,A,K,nonpolar,charged,0,loop,TRUE,0,1,1,1,FALSE,FALSE,5,9,4,4,0.0388,0.0168,0.6319,0.3637,0.0388,0.0168,0.6319,0.3637,-0.5931,-0.34690000000000004,-0.5931,-0.34690000000000004,18.162679850302084,5.4851024850353705,0,0,0,0,0,0.0574,0,0.0981,0,0,0,0,0,0,0,0,0.0574,0,0.0574,0.0574,0.0981,0,0.0981,0.0981,0,0,1,1,5,9,14,35,68,16,48
3SKJ_HL,-1.39,H:A100EK,H-ALA100ELYS,charged,100,0.98,2.37,2.37,A,K,nonpolar,charged,0,loop,TRUE,0,1,1,1,FALSE,FALSE,5,9,4,4,0.0388,0.0168,0.6319,0.3637,0.0388,0.0168,0.6319,0.3637,-0.5931,-0.34690000000000004,-0.5931,-0.34690000000000004,18.162679850302084,5.4851024850353705,0,0,0,0,0,0.0574,0,0.0981,0,0,0,0,0,0,0,0,0.0574,0,0.0574,0.0574,0.0981,0,0.0981,0.0981,0,0,1,1,5,9,14,35,68,16,48
3SKJ_HL,-0.55,H:A100EM,H-ALA100EMET,neutral,10,0.04,0.5900000000000001,0.5900000000000001,A,M,nonpolar,nonpolar,0,loop,FALSE,0,0,0,0,FALSE,FALSE,5,8,3,3,0.0388,0.0172,0.6319,0.3727,0.0388,0.0172,0.6319,0.3727,-0.5931,-0.3555,-0.5931,-0.3555,-0.0123352964001242,0.17287248322147655,0,0,0,0,0,0,0,0,0,0,0,0,0,0,0,0,0,0,0,0,0,0,0,0,0,0,0,0,4,8,12,35,61,16,41
3SKJ_HL,-0.55,H:A100EM,H-ALA100EMET,neutral,100,-0.88,-0.32999999999999996,0.32999999999999996,A,M,nonpolar,nonpolar,0,loop,FALSE,0,0,0,0,FALSE,FALSE,5,8,3,3,0.0388,0.0172,0.6319,0.3727,0.0388,0.0172,0.6319,0.3727,-0.5931,-0.3555,-0.5931,-0.3555,-0.0123352964001242,0.17287248322147655,0,0,0,0,0,0,0,0,0,0,0,0,0,0,0,0,0,0,0,0,0,0,0,0,0,0,0,0,4,8,12,35,61,16,41
3SKJ_HL,1.72,H:A100EF,H-ALA100EPHE,neutral,10,1.59,-0.1299999999999999,0.1299999999999999,A,F,nonpolar,aromatic,0,loop,FALSE,0,0,0,0,FALSE,FALSE,5,11,6,6,0.0388,0.0158,0.6319,0.4161,0.0388,0.0158,0.6319,0.4161,-0.5931,-0.40030000000000004,-0.5931,-0.40030000000000004,4.323530131801817,4.005136949029567,0,0.4617,0,0.4617,0,0.0311,0,0.0311,0.4617,0.4617,0.4617,0.4617,0.4617,0.4617,0.4617,0.4617,0.0311,0.0311,0.0311,0.0311,0.0311,0.0311,0.0311,0.0311,0,0,3,2,5,8,12,35,65,16,38
3SKJ_HL,1.72,H:A100EF,H-ALA100EPHE,neutral,100,-0.16,-1.88,1.88,A,F,nonpolar,aromatic,0,loop,FALSE,0,0,0,0,FALSE,FALSE,5,11,6,6,0.0388,0.0158,0.6319,0.4161,0.0388,0.0158,0.6319,0.4161,-0.5931,-0.40030000000000004,-0.5931,-0.40030000000000004,4.323530131801817,4.005136949029567,0,0.4617,0,0.4617,0,0.0311,0,0.0311,0.4617,0.4617,0.4617,0.4617,0.4617,0.4617,0.4617,0.4617,0.0311,0.0311,0.0311,0.0311,0.0311,0.0311,0.0311,0.0311,0,0,3,2,5,8,12,35,65,16,38
3SKJ_HL,4.64,H:P100GY,H-PRO100GTYR,core-hopping,10,-0.25,-4.89,4.89,P,Y,glypro,aromatic,0,loop,FALSE,0,0,0,0,FALSE,FALSE,7,12,5,5,0.2882,0.5128,0.5366,0.6481,0.2882,0.5128,0.5366,0.6481,-0.24839999999999995,-0.13529999999999998,-0.24839999999999995,-0.13529999999999998,-37.03707109309835,0.2079911119172879,0,0.067,0,0.1077,0,0.0574,0,0.0574,0.067,0.067,0.067,0.067,0.1077,0.1077,0.1077,0.1077,0.0574,0.0574,0.0574,0.0574,0.0574,0.0574,0.0574,0.0574,1,1,0,0,1,4,7,40,35,36,33
3SKJ_HL,4.64,H:P100GY,H-PRO100GTYR,core-hopping,100,0.02,-4.62,4.62,P,Y,glypro,aromatic,0,loop,FALSE,0,0,0,0,FALSE,FALSE,7,12,5,5,0.2882,0.5128,0.5366,0.6481,0.2882,0.5128,0.5366,0.6481,-0.24839999999999995,-0.13529999999999998,-0.24839999999999995,-0.13529999999999998,-37.03707109309835,0.2079911119172879,0,0.067,0,0.1077,0,0.0574,0,0.0574,0.067,0.067,0.067,0.067,0.1077,0.1077,0.1077,0.1077,0.0574,0.0574,0.0574,0.0574,0.0574,0.0574,0.0574,0.0574,1,1,0,0,1,4,7,40,35,36,33
3SKJ_HL,-0.05,H:G52R,H-GLY52ARG,charged,10,-0.6,-0.5499999999999999,0.5499999999999999,G,R,glypro,charged,0,loop,TRUE,0,1,1,1,FALSE,FALSE,4,11,7,7,0,0.4321,0,0.5236,0,0.4321,0,0.5236,0,-0.09149999999999997,0,-0.09149999999999997,153.58546909780125,0.9666776709595429,0,0,0,0,0,0,0,0,0,0,0,0,0,0,0,0,0,0,0,0,0,0,0,0,0,0,0,0,3,8,12,33,40,33,39
3SKJ_HL,-0.05,H:G52R,H-GLY52ARG,charged,100,-0.34,-0.29000000000000004,0.29000000000000004,G,R,glypro,charged,0,loop,TRUE,0,1,1,1,FALSE,FALSE,4,11,7,7,0,0.4321,0,0.5236,0,0.4321,0,0.5236,0,-0.09149999999999997,0,-0.09149999999999997,153.58546909780125,0.9666776709595429,0,0,0,0,0,0,0,0,0,0,0,0,0,0,0,0,0,0,0,0,0,0,0,0,0,0,0,0,3,8,12,33,40,33,39
3SKJ_HL,-0.05,L:S30W,L-SER30TRP,neutral,10,-0.62,-0.57,0.57,S,W,polar,aromatic,0,loop,FALSE,0,0,0,0,FALSE,FALSE,6,14,8,8,0.1242,0.1013,0.4935,0.5456,0.1242,0.1013,0.4935,0.5456,-0.36929999999999996,-0.4443,-0.36929999999999996,-0.4443,-0.8706605542975012,0.2809816796662433,0,0.0622,0,0.1148,0,0,0,0,0.0622,0.0622,0.0622,0.0622,0.1148,0.1148,0.1148,0.1148,0,0,0,0,0,0,0,0,1,1,2,2,0,2,4,33,57,24,36
3SKJ_HL,-0.05,L:S30W,L-SER30TRP,neutral,100,-1.07,-1.02,1.02,S,W,polar,aromatic,0,loop,FALSE,0,0,0,0,FALSE,FALSE,6,14,8,8,0.1242,0.1013,0.4935,0.5456,0.1242,0.1013,0.4935,0.5456,-0.36929999999999996,-0.4443,-0.36929999999999996,-0.4443,-0.8706605542975012,0.2809816796662433,0,0.0622,0,0.1148,0,0,0,0,0.0622,0.0622,0.0622,0.0622,0.1148,0.1148,0.1148,0.1148,0,0,0,0,0,0,0,0,1,1,2,2,0,2,4,33,57,24,36
3SKJ_HL,-0.64,L:T31R,L-THR31ARG,charged,10,-0.66,-0.020000000000000018,0.020000000000000018,T,R,polar,charged,0,loop,TRUE,0,1,1,1,FALSE,FALSE,7,11,4,4,0.0488,0.2144,0.2978,0.5326,0.0488,0.2144,0.2978,0.5326,-0.249,-0.3181999999999999,-0.249,-0.3181999999999999,-33.2467559891993,0.4883228732087782,0.0024,0.0096,0.0024,0.0096,0.0933,0,0.11,0,0.0072,0.0072,0.0072,0.0072,0.0072,0.0072,0.0072,0.0072,-0.0933,-0.0933,-0.0933,0.0933,-0.11,-0.11,-0.11,0.11,1,1,0,0,3,3,4,51,55,42,39
3SKJ_HL,-0.64,L:T31R,L-THR31ARG,charged,100,-0.42,0.22000000000000003,0.22000000000000003,T,R,polar,charged,0,loop,TRUE,0,1,1,1,FALSE,FALSE,7,11,4,4,0.0488,0.2144,0.2978,0.5326,0.0488,0.2144,0.2978,0.5326,-0.249,-0.3181999999999999,-0.249,-0.3181999999999999,-33.2467559891993,0.4883228732087782,0.0024,0.0096,0.0024,0.0096,0.0933,0,0.11,0,0.0072,0.0072,0.0072,0.0072,0.0072,0.0072,0.0072,0.0072,-0.0933,-0.0933,-0.0933,0.0933,-0.11,-0.11,-0.11,0.11,1,1,0,0,3,3,4,51,55,42,39
3SKJ_HL,-0.62,L:T31Q,L-THR31GLN,neutral,10,-0.97,-0.35,0.35,T,Q,polar,polar,0,loop,FALSE,0,0,0,0,FALSE,FALSE,7,9,2,2,0.0488,0.0887,0.2978,0.4103,0.0488,0.0887,0.2978,0.4103,-0.249,-0.3216,-0.249,-0.3216,-30.983597124100925,0.43739343370215866,0.0048,0.0359,0.0048,0.0407,0.0144,0,0.0191,0,0.031100000000000003,0.031100000000000003,0.031100000000000003,0.031100000000000003,0.0359,0.0359,0.0359,0.0359,-0.0144,-0.0144,-0.0144,0.0144,-0.0191,-0.0191,-0.0191,0.0191,1,1,0,0,2,2,4,51,50,42,37
3SKJ_HL,-0.62,L:T31Q,L-THR31GLN,neutral,100,-0.89,-0.27,0.27,T,Q,polar,polar,0,loop,FALSE,0,0,0,0,FALSE,FALSE,7,9,2,2,0.0488,0.0887,0.2978,0.4103,0.0488,0.0887,0.2978,0.4103,-0.249,-0.3216,-0.249,-0.3216,-30.983597124100925,0.43739343370215866,0.0048,0.0359,0.0048,0.0407,0.0144,0,0.0191,0,0.031100000000000003,0.031100000000000003,0.031100000000000003,0.031100000000000003,0.0359,0.0359,0.0359,0.0359,-0.0144,-0.0144,-0.0144,0.0144,-0.0191,-0.0191,-0.0191,0.0191,1,1,0,0,2,2,4,51,50,42,37
3SKJ_HL,-0.03,L:T31H,L-THR31HIE,charged,10,-1.16,-1.13,1.13,T,H,polar,charged,0,loop,TRUE,0,1,1,1,FALSE,FALSE,7,10,3,3,0.0488,0.1313,0.2978,0.4526,0.0488,0.1313,0.2978,0.4526,-0.249,-0.32130000000000003,-0.249,-0.32130000000000003,2.1383898726016923,1.1939185561400323,0.0167,0.0167,0.0167,0.0215,0.0502,0.2273,0.0909,0.2368,0.0048,-0.0048,-0.0048,0.0048,0.0048,-0.0023999999999999994,0.0048,0.0048,0.2106,0.019200000000000002,0.2106,0.2106,0.21530000000000002,-0.02149999999999999,0.21530000000000002,0.21530000000000002,1,1,2,2,3,3,4,51,52,42,37
3SKJ_HL,-0.03,L:T31H,L-THR31HIE,charged,100,-1.04,-1.01,1.01,T,H,polar,charged,0,loop,TRUE,0,1,1,1,FALSE,FALSE,7,10,3,3,0.0488,0.1313,0.2978,0.4526,0.0488,0.1313,0.2978,0.4526,-0.249,-0.32130000000000003,-0.249,-0.32130000000000003,2.1383898726016923,1.1939185561400323,0.0167,0.0167,0.0167,0.0215,0.0502,0.2273,0.0909,0.2368,0.0048,-0.0048,-0.0048,0.0048,0.0048,-0.0023999999999999994,0.0048,0.0048,0.2106,0.019200000000000002,0.2106,0.2106,0.21530000000000002,-0.02149999999999999,0.21530000000000002,0.21530000000000002,1,1,2,2,3,3,4,51,52,42,37
3SKJ_HL,-1.19,L:T31K,L-THR31LYS,charged,10,-1.36,-0.17000000000000015,0.17000000000000015,T,K,polar,charged,0,loop,TRUE,0,1,1,1,FALSE,FALSE,7,9,2,2,0.0488,0.1458,0.2978,0.4485,0.0488,0.1458,0.2978,0.4485,-0.249,-0.30269999999999997,-0.249,-0.30269999999999997,16.447140532800404,0.7037743515327295,0.0191,0.0144,0.0191,0.0144,0.012,0.012,0.0239,0.0167,0.0144,-0.0095,0.0144,0.0144,0.0144,-0.0095,0.0144,0.0144,0,-0.0024,-0.0024,0.0024,-0.0048,-0.0072000000000000015,-0.0072000000000000015,0.0072000000000000015,1,1,0,0,3,3,5,51,55,42,38
3SKJ_HL,-1.19,L:T31K,L-THR31LYS,charged,100,-0.88,0.30999999999999994,0.30999999999999994,T,K,polar,charged,0,loop,TRUE,0,1,1,1,FALSE,FALSE,7,9,2,2,0.0488,0.1458,0.2978,0.4485,0.0488,0.1458,0.2978,0.4485,-0.249,-0.30269999999999997,-0.249,-0.30269999999999997,16.447140532800404,0.7037743515327295,0.0191,0.0144,0.0191,0.0144,0.012,0.012,0.0239,0.0167,0.0144,-0.0095,0.0144,0.0144,0.0144,-0.0095,0.0144,0.0144,0,-0.0024,-0.0024,0.0024,-0.0048,-0.0072000000000000015,-0.0072000000000000015,0.0072000000000000015,1,1,0,0,3,3,5,51,55,42,38
3SKJ_HL,-0.22,L:T31F,L-THR31PHE,neutral,10,-1.25,-1.03,1.03,T,F,polar,aromatic,0,loop,FALSE,0,0,0,0,FALSE,FALSE,7,11,4,4,0.0488,0.1797,0.2978,0.4968,0.0488,0.1797,0.2978,0.4968,-0.249,-0.31710000000000005,-0.249,-0.31710000000000005,9.413408677599364,0.35379521131870106,0.0167,0.0072,0.0215,0.0096,0.0072,0.1722,0.0096,0.1722,-0.0095,-0.0095,-0.0095,0.0095,-0.011899999999999999,-0.011899999999999999,-0.011899999999999999,0.011899999999999999,0.16499999999999998,0.16499999999999998,0.16499999999999998,0.16499999999999998,0.1626,0.1626,0.1626,0.1626,1,1,0,0,2,2,4,51,52,42,36
3SKJ_HL,-0.22,L:T31F,L-THR31PHE,neutral,100,-0.99,-0.77,0.77,T,F,polar,aromatic,0,loop,FALSE,0,0,0,0,FALSE,FALSE,7,11,4,4,0.0488,0.1797,0.2978,0.4968,0.0488,0.1797,0.2978,0.4968,-0.249,-0.31710000000000005,-0.249,-0.31710000000000005,9.413408677599364,0.35379521131870106,0.0167,0.0072,0.0215,0.0096,0.0072,0.1722,0.0096,0.1722,-0.0095,-0.0095,-0.0095,0.0095,-0.011899999999999999,-0.011899999999999999,-0.011899999999999999,0.011899999999999999,0.16499999999999998,0.16499999999999998,0.16499999999999998,0.16499999999999998,0.1626,0.1626,0.1626,0.1626,1,1,0,0,2,2,4,51,52,42,36
3SKJ_HL,-0.14,L:N53R,L-ASN53ARG,charged,10,2.43,2.5700000000000003,2.5700000000000003,N,R,polar,charged,2,strand,TRUE,0,1,1,1,FALSE,FALSE,8,11,3,3,0.1777,0.1028,0.2123,0.4257,0.1777,0.1028,0.2123,0.4257,-0.03459999999999999,-0.3229,-0.03459999999999999,-0.3229,8.207450371501182,1.5727513150734591,0,0,0,0,0,0.0048,0,0.0048,0,0,0,0,0,0,0,0,0.0048,0.0048,0.0048,0.0048,0.0048,0.0048,0.0048,0.0048,1,1,0,0,3,7,8,45,66,44,46
3SKJ_HL,-0.14,L:N53R,L-ASN53ARG,charged,100,2.45,2.5900000000000003,2.5900000000000003,N,R,polar,charged,2,strand,TRUE,0,1,1,1,FALSE,FALSE,8,11,3,3,0.1777,0.1028,0.2123,0.4257,0.1777,0.1028,0.2123,0.4257,-0.03459999999999999,-0.3229,-0.03459999999999999,-0.3229,8.207450371501182,1.5727513150734591,0,0,0,0,0,0.0048,0,0.0048,0,0,0,0,0,0,0,0,0.0048,0.0048,0.0048,0.0048,0.0048,0.0048,0.0048,0.0048,1,1,0,0,3,7,8,45,66,44,46
3SKJ_HL,0.7,L:N53Y,L-ASN53TYR,neutral,10,2.06,1.36,1.36,N,Y,polar,aromatic,2,strand,FALSE,0,0,0,0,FALSE,FALSE,8,12,4,4,0.1777,0.1869,0.2123,0.4148,0.1777,0.1869,0.2123,0.4148,-0.03459999999999999,-0.2279,-0.03459999999999999,-0.2279,32.02087659480094,3.5403275893343014,0,0.1603,0,0.1651,0,0.7105,0,0.7129,0.1603,0.1603,0.1603,0.1603,0.1651,0.1651,0.1651,0.1651,0.7105,0.7105,0.7105,0.7105,0.7129,0.7129,0.7129,0.7129,1,1,2,0,1,4,7,45,59,44,46
3SKJ_HL,0.7,L:N53Y,L-ASN53TYR,neutral,100,2.5,1.8,1.8,N,Y,polar,aromatic,2,strand,FALSE,0,0,0,0,FALSE,FALSE,8,12,4,4,0.1777,0.1869,0.2123,0.4148,0.1777,0.1869,0.2123,0.4148,-0.03459999999999999,-0.2279,-0.03459999999999999,-0.2279,32.02087659480094,3.5403275893343014,0,0.1603,0,0.1651,0,0.7105,0,0.7129,0.1603,0.1603,0.1603,0.1603,0.1651,0.1651,0.1651,0.1651,0.7105,0.7105,0.7105,0.7105,0.7129,0.7129,0.7129,0.7129,1,1,2,0,1,4,7,45,59,44,46
3SKJ_HL,-0.21,L:T56F,L-THR56PHE,neutral,10,-0.03,0.18,0.18,T,F,polar,aromatic,0,loop,FALSE,0,0,0,0,FALSE,FALSE,7,11,4,4,0.6798,0.5625,0.6798,0.7419,0.6798,0.5625,0.6798,0.7419,0,-0.1794,0,-0.1794,-1.3199902419983118,0.8907471431162705,0.0407,0.1938,0.0407,0.2297,0.0048,0.0478,0.0048,0.0478,0.15310000000000001,0.15310000000000001,0.15310000000000001,0.15310000000000001,0.189,0.189,0.189,0.189,0.043000000000000003,0.043000000000000003,0.043000000000000003,0.043000000000000003,0.043000000000000003,0.043000000000000003,0.043000000000000003,0.043000000000000003,0,0,0,0,1,2,5,20,26,20,19
3SKJ_HL,-0.21,L:T56F,L-THR56PHE,neutral,100,0.07,0.28,0.28,T,F,polar,aromatic,0,loop,FALSE,0,0,0,0,FALSE,FALSE,7,11,4,4,0.6798,0.5625,0.6798,0.7419,0.6798,0.5625,0.6798,0.7419,0,-0.1794,0,-0.1794,-1.3199902419983118,0.8907471431162705,0.0407,0.1938,0.0407,0.2297,0.0048,0.0478,0.0048,0.0478,0.15310000000000001,0.15310000000000001,0.15310000000000001,0.15310000000000001,0.189,0.189,0.189,0.189,0.043000000000000003,0.043000000000000003,0.043000000000000003,0.043000000000000003,0.043000000000000003,0.043000000000000003,0.043000000000000003,0.043000000000000003,0,0,0,0,1,2,5,20,26,20,19
3SKJ_HL,-0.17,L:T56W,L-THR56TRP,neutral,10,0.05,0.22000000000000003,0.22000000000000003,T,W,polar,aromatic,0,loop,FALSE,0,0,0,0,FALSE,FALSE,7,14,7,7,0.6798,0.6232,0.6798,0.8209,0.6798,0.6232,0.6798,0.8209,0,-0.1977,0,-0.1977,-13.235626174100616,0.4842319970977691,0.0191,0.1579,0.0335,0.3182,0,0.0478,0,0.0981,0.1388,0.1388,0.1388,0.1388,0.28469999999999995,0.28469999999999995,0.28469999999999995,0.28469999999999995,0.0478,0.0478,0.0478,0.0478,0.0981,0.0981,0.0981,0.0981,0,0,0,0,1,2,7,20,29,20,19
3SKJ_HL,-0.17,L:T56W,L-THR56TRP,neutral,100,0.22,0.39,0.39,T,W,polar,aromatic,0,loop,FALSE,0,0,0,0,FALSE,FALSE,7,14,7,7,0.6798,0.6232,0.6798,0.8209,0.6798,0.6232,0.6798,0.8209,0,-0.1977,0,-0.1977,-13.235626174100616,0.4842319970977691,0.0191,0.1579,0.0335,0.3182,0,0.0478,0,0.0981,0.1388,0.1388,0.1388,0.1388,0.28469999999999995,0.28469999999999995,0.28469999999999995,0.28469999999999995,0.0478,0.0478,0.0478,0.0478,0.0981,0.0981,0.0981,0.0981,0,0,0,0,1,2,7,20,29,20,19
5L6Y_HL,-0.06,H:S99A,H-SER99ALA,neutral,10,0.02,0.08,0.08,S,A,polar,nonpolar,0,loop,FALSE,0,0,0,0,FALSE,FALSE,6,5,-1,1,0.7144,0.6877,0.7144,0.6877,0.7144,0.6877,0.7144,0.6877,0,0,0,0,-0.9575566137009446,0.4951055686559044,0.244,0.2512,1.3062,1.3684,0.9211,0.9139,1.3995,1.3708,0.007199999999999984,0.007199999999999984,0.007199999999999984,0.007199999999999984,0.06220000000000003,0.06220000000000003,0.06220000000000003,0.06220000000000003,-0.007199999999999984,-0.007199999999999984,-0.007199999999999984,0.007199999999999984,-0.028699999999999948,-0.028699999999999948,-0.028699999999999948,0.028699999999999948,0,0,0,0,2,2,3,19,19,19,19
5L6Y_HL,-0.06,H:S99A,H-SER99ALA,neutral,100,-0.06,0,0,S,A,polar,nonpolar,0,loop,FALSE,0,0,0,0,FALSE,FALSE,6,5,-1,1,0.7144,0.6877,0.7144,0.6877,0.7144,0.6877,0.7144,0.6877,0,0,0,0,-0.9575566137009446,0.4951055686559044,0.244,0.2512,1.3062,1.3684,0.9211,0.9139,1.3995,1.3708,0.007199999999999984,0.007199999999999984,0.007199999999999984,0.007199999999999984,0.06220000000000003,0.06220000000000003,0.06220000000000003,0.06220000000000003,-0.007199999999999984,-0.007199999999999984,-0.007199999999999984,0.007199999999999984,-0.028699999999999948,-0.028699999999999948,-0.028699999999999948,0.028699999999999948,0,0,0,0,2,2,3,19,19,19,19
5L6Y_HL,1.25,L:I27A,L-ILE27ALA,neutral,10,1.11,-0.1399999999999999,0.1399999999999999,I,A,nonpolar,nonpolar,0,loop,FALSE,0,0,0,0,FALSE,FALSE,8,5,-3,3,0.314,0.273,0.5831,0.4321,0.314,0.273,0.5831,0.4321,-0.26909999999999995,-0.15909999999999996,-0.26909999999999995,-0.15909999999999996,-6.522188537001057,0.7231645202249221,0,0,0,0,0,0,0,0,0,0,0,0,0,0,0,0,0,0,0,0,0,0,0,0,0,0,0,0,1,4,10,38,29,27,25
5L6Y_HL,1.25,L:I27A,L-ILE27ALA,neutral,100,1.44,0.18999999999999995,0.18999999999999995,I,A,nonpolar,nonpolar,0,loop,FALSE,0,0,0,0,FALSE,FALSE,8,5,-3,3,0.314,0.273,0.5831,0.4321,0.314,0.273,0.5831,0.4321,-0.26909999999999995,-0.15909999999999996,-0.26909999999999995,-0.15909999999999996,-6.522188537001057,0.7231645202249221,0,0,0,0,0,0,0,0,0,0,0,0,0,0,0,0,0,0,0,0,0,0,0,0,0,0,0,0,1,4,10,38,29,27,25
5L6Y_HL,1.6,L:I27N,L-ILE27ASN,neutral,10,0.8,-0.8,0.8,I,N,nonpolar,polar,0,loop,FALSE,0,0,0,0,FALSE,FALSE,8,8,0,0,0.314,0.2537,0.5831,0.5552,0.314,0.2537,0.5831,0.5552,-0.26909999999999995,-0.30150000000000005,-0.26909999999999995,-0.30150000000000005,-44.23613493280027,0.1024148376564467,0,0,0,0,0,0,0,0,0,0,0,0,0,0,0,0,0,0,0,0,0,0,0,0,0,0,0,0,1,4,10,38,39,27,26
5L6Y_HL,1.6,L:I27N,L-ILE27ASN,neutral,100,0.96,-0.6400000000000001,0.6400000000000001,I,N,nonpolar,polar,0,loop,FALSE,0,0,0,0,FALSE,FALSE,8,8,0,0,0.314,0.2537,0.5831,0.5552,0.314,0.2537,0.5831,0.5552,-0.26909999999999995,-0.30150000000000005,-0.26909999999999995,-0.30150000000000005,-44.23613493280027,0.1024148376564467,0,0,0,0,0,0,0,0,0,0,0,0,0,0,0,0,0,0,0,0,0,0,0,0,0,0,0,0,1,4,10,38,39,27,26
5L6Y_HL,2.23,L:D50A,L-ASP50ALA,charged,10,7.29,5.0600000000000005,5.0600000000000005,D,A,charged,nonpolar,0,loop,TRUE,-1,0,1,1,TRUE,TRUE,8,5,-3,3,0.0386,0.0041,0.2849,0.2614,0.0386,0.0041,0.2849,0.2614,-0.2463,-0.25730000000000003,-0.2463,-0.25730000000000003,49.33351128759932,12.416673499002357,0.2392,0.2392,0.2392,0.2392,0,0.0048,0,0.0048,0,0,0,0,0,0,0,0,0.0048,0.0048,0.0048,0.0048,0.0048,0.0048,0.0048,0.0048,0,0,0,0,6,7,12,47,43,38,35
5L6Y_HL,2.23,L:D50A,L-ASP50ALA,charged,100,6.12,3.89,3.89,D,A,charged,nonpolar,0,loop,TRUE,-1,0,1,1,TRUE,TRUE,8,5,-3,3,0.0386,0.0041,0.2849,0.2614,0.0386,0.0041,0.2849,0.2614,-0.2463,-0.25730000000000003,-0.2463,-0.25730000000000003,49.33351128759932,12.416673499002357,0.2392,0.2392,0.2392,0.2392,0,0.0048,0,0.0048,0,0,0,0,0,0,0,0,0.0048,0.0048,0.0048,0.0048,0.0048,0.0048,0.0048,0.0048,0,0,0,0,6,7,12,47,43,38,35
5L6Y_HL,1.25,L:G68E,L-GLY68GLU,charged,10,0.71,-0.54,0.54,G,E,glypro,charged,0,loop,TRUE,0,-1,-1,1,FALSE,FALSE,4,9,5,5,0.0706,0.1966,0.5794,0.7214,0.0706,0.1966,0.5794,0.7214,-0.5088,-0.5248,-0.5088,-0.5248,-16.467879547601115,1.6069493923453646,0,0,0,0,0,0,0,0,0,0,0,0,0,0,0,0,0,0,0,0,0,0,0,0,0,0,0,0,1,3,5,26,38,16,18
5L6Y_HL,1.25,L:G68E,L-GLY68GLU,charged,100,0.45,-0.8,0.8,G,E,glypro,charged,0,loop,TRUE,0,-1,-1,1,FALSE,FALSE,4,9,5,5,0.0706,0.1966,0.5794,0.7214,0.0706,0.1966,0.5794,0.7214,-0.5088,-0.5248,-0.5088,-0.5248,-16.467879547601115,1.6069493923453646,0,0,0,0,0,0,0,0,0,0,0,0,0,0,0,0,0,0,0,0,0,0,0,0,0,0,0,0,1,3,5,26,38,16,18
5L6Y_HL,0.21,L:G68W,L-GLY68TRP,neutral,10,-0.38,-0.59,0.59,G,W,glypro,aromatic,0,loop,FALSE,0,0,0,0,FALSE,FALSE,4,14,10,10,0.0706,0.351,0.5794,0.8354,0.0706,0.351,0.5794,0.8354,-0.5088,-0.48440000000000005,-0.5088,-0.48440000000000005,7.2280090669992205,0.6880005441683295,0,0,0,0,0,0.0359,0,0.1053,0,0,0,0,0,0,0,0,0.0359,0.0359,0.0359,0.0359,0.1053,0.1053,0.1053,0.1053,0,0,1,1,0,1,5,26,39,16,17
5L6Y_HL,0.21,L:G68W,L-GLY68TRP,neutral,100,-0.01,-0.22,0.22,G,W,glypro,aromatic,0,loop,FALSE,0,0,0,0,FALSE,FALSE,4,14,10,10,0.0706,0.351,0.5794,0.8354,0.0706,0.351,0.5794,0.8354,-0.5088,-0.48440000000000005,-0.5088,-0.48440000000000005,7.2280090669992205,0.6880005441683295,0,0,0,0,0,0.0359,0,0.1053,0,0,0,0,0,0,0,0,0.0359,0.0359,0.0359,0.0359,0.1053,0.1053,0.1053,0.1053,0,0,1,1,0,1,5,26,39,16,17
6SBA_B,0.17,B:D11A,B-ASP11ALA,charged,10,0.11,-0.06000000000000001,0.06000000000000001,D,A,charged,nonpolar,1,helix,TRUE,-1,0,1,1,FALSE,FALSE,8,5,-3,3,0.6071,0.5033,0.6071,0.5033,0.6071,0.5033,0.6071,0.5033,0,0,0,0,37.30365993038867,0.3303667694540184,0.2679,0.3469,0.4593,0.5144,0.0024,0,0.0024,0,0.07899999999999996,0.07899999999999996,0.07899999999999996,0.07899999999999996,0.05509999999999998,0.05509999999999998,0.05509999999999998,0.05509999999999998,-0.0024,-0.0024,-0.0024,0.0024,-0.0024,-0.0024,-0.0024,0.0024,0,0,0,0,3,3,5,24,24,24,24
6SBA_B,0.17,B:D11A,B-ASP11ALA,charged,100,0.09,-0.08000000000000002,0.08000000000000002,D,A,charged,nonpolar,1,helix,TRUE,-1,0,1,1,FALSE,FALSE,8,5,-3,3,0.6071,0.5033,0.6071,0.5033,0.6071,0.5033,0.6071,0.5033,0,0,0,0,37.30365993038867,0.3303667694540184,0.2679,0.3469,0.4593,0.5144,0.0024,0,0.0024,0,0.07899999999999996,0.07899999999999996,0.07899999999999996,0.07899999999999996,0.05509999999999998,0.05509999999999998,0.05509999999999998,0.05509999999999998,-0.0024,-0.0024,-0.0024,0.0024,-0.0024,-0.0024,-0.0024,0.0024,0,0,0,0,3,3,5,24,24,24,24
6SBA_B,0.5,B:K15A,B-LYS15ALA,charged,10,0.25,-0.25,0.25,K,A,charged,nonpolar,1,helix,TRUE,1,0,-1,1,FALSE,FALSE,9,5,-4,4,0.7298,0.6385,0.9756,0.8345,0.7298,0.6385,0.9756,0.8345,-0.24580000000000002,-0.19600000000000006,-0.24580000000000002,-0.19600000000000006,8.458650895488972,0.17989914746961722,0,0,0,0,0.4545,0,0.4545,0,0,0,0,0,0,0,0,0,-0.4545,-0.4545,-0.4545,0.4545,-0.4545,-0.4545,-0.4545,0.4545,0,0,0,0,2,4,7,26,27,19,21
6SBA_B,0.5,B:K15A,B-LYS15ALA,charged,100,0.24,-0.26,0.26,K,A,charged,nonpolar,1,helix,TRUE,1,0,-1,1,FALSE,FALSE,9,5,-4,4,0.7298,0.6385,0.9756,0.8345,0.7298,0.6385,0.9756,0.8345,-0.24580000000000002,-0.19600000000000006,-0.24580000000000002,-0.19600000000000006,8.458650895488972,0.17989914746961722,0,0,0,0,0.4545,0,0.4545,0,0,0,0,0,0,0,0,0,-0.4545,-0.4545,-0.4545,0.4545,-0.4545,-0.4545,-0.4545,0.4545,0,0,0,0,2,4,7,26,27,19,21
6SBA_B,-1.04,B:K15R,B-LYS15ARG,charged,10,0.03,1.07,1.07,K,R,charged,charged,1,helix,TRUE,1,1,0,0,FALSE,FALSE,9,11,2,2,0.7298,0.4933,0.9756,0.7661,0.7298,0.4933,0.9756,0.7661,-0.24580000000000002,-0.2728,-0.24580000000000002,-0.2728,-34.54512682702989,0.28695193179756917,0,0,0,0,0.4856,0.2488,0.488,0.2608,0,0,0,0,0,0,0,0,-0.23679999999999998,-0.23679999999999998,-0.23679999999999998,0.23679999999999998,-0.2272,-0.2272,-0.2272,0.2272,0,0,2,2,4,4,7,26,46,19,30
6SBA_B,-1.04,B:K15R,B-LYS15ARG,charged,100,0.02,1.06,1.06,K,R,charged,charged,1,helix,TRUE,1,1,0,0,FALSE,FALSE,9,11,2,2,0.7298,0.4933,0.9756,0.7661,0.7298,0.4933,0.9756,0.7661,-0.24580000000000002,-0.2728,-0.24580000000000002,-0.2728,-34.54512682702989,0.28695193179756917,0,0,0,0,0.4856,0.2488,0.488,0.2608,0,0,0,0,0,0,0,0,-0.23679999999999998,-0.23679999999999998,-0.23679999999999998,0.23679999999999998,-0.2272,-0.2272,-0.2272,0.2272,0,0,2,2,4,4,7,26,46,19,30
6SBA_B,0.5,B:K15F,B-LYS15PHE,charged,10,0.81,0.31000000000000005,0.31000000000000005,K,F,charged,aromatic,1,helix,TRUE,1,0,-1,1,FALSE,FALSE,9,11,2,2,0.7298,0.7204,0.9756,0.867,0.7298,0.7204,0.9756,0.867,-0.24580000000000002,-0.14659999999999995,-0.24580000000000002,-0.14659999999999995,8.925532000488602,0.30624759658987827,0,0.2033,0,0.2105,0.488,0.0455,0.4952,0.0574,0.2033,0.2033,0.2033,0.2033,0.2105,0.2105,0.2105,0.2105,-0.4425,-0.4425,-0.4425,0.4425,-0.43779999999999997,-0.43779999999999997,-0.43779999999999997,0.43779999999999997,0,0,1,1,2,4,7,26,34,19,26
6SBA_B,0.5,B:K15F,B-LYS15PHE,charged,100,0.79,0.29000000000000004,0.29000000000000004,K,F,charged,aromatic,1,helix,TRUE,1,0,-1,1,FALSE,FALSE,9,11,2,2,0.7298,0.7204,0.9756,0.867,0.7298,0.7204,0.9756,0.867,-0.24580000000000002,-0.14659999999999995,-0.24580000000000002,-0.14659999999999995,8.925532000488602,0.30624759658987827,0,0.2033,0,0.2105,0.488,0.0455,0.4952,0.0574,0.2033,0.2033,0.2033,0.2033,0.2105,0.2105,0.2105,0.2105,-0.4425,-0.4425,-0.4425,0.4425,-0.43779999999999997,-0.43779999999999997,-0.43779999999999997,0.43779999999999997,0,0,1,1,2,4,7,26,34,19,26
6SBA_B,0.96,B:K15W,B-LYS15TRP,charged,10,0.67,-0.2899999999999999,0.2899999999999999,K,W,charged,aromatic,1,helix,TRUE,1,0,-1,1,FALSE,FALSE,9,14,5,5,0.7298,0.597,0.9756,0.8097,0.7298,0.597,0.9756,0.8097,-0.24580000000000002,-0.2127,-0.24580000000000002,-0.2127,-6.218108402579674,0.8883751133684031,0,0.1411,0,0.3397,0.4402,0.0885,0.4426,0.1124,0.1411,0.1411,0.1411,0.1411,0.3397,0.3397,0.3397,0.3397,-0.3517,-0.3517,-0.3517,0.3517,-0.3302,-0.3302,-0.3302,0.3302,0,0,1,1,3,4,7,26,40,19,28
6SBA_B,0.96,B:K15W,B-LYS15TRP,charged,100,0.32,-0.6399999999999999,0.6399999999999999,K,W,charged,aromatic,1,helix,TRUE,1,0,-1,1,FALSE,FALSE,9,14,5,5,0.7298,0.597,0.9756,0.8097,0.7298,0.597,0.9756,0.8097,-0.24580000000000002,-0.2127,-0.24580000000000002,-0.2127,-6.218108402579674,0.8883751133684031,0,0.1411,0,0.3397,0.4402,0.0885,0.4426,0.1124,0.1411,0.1411,0.1411,0.1411,0.3397,0.3397,0.3397,0.3397,-0.3517,-0.3517,-0.3517,0.3517,-0.3302,-0.3302,-0.3302,0.3302,0,0,1,1,3,4,7,26,40,19,28
6SBA_B,0.81,B:K15Y,B-LYS15TYR,charged,10,0.46,-0.35000000000000003,0.35000000000000003,K,Y,charged,aromatic,1,helix,TRUE,1,0,-1,1,FALSE,FALSE,9,12,3,3,0.7298,0.7169,0.9756,0.8573,0.7298,0.7169,0.9756,0.8573,-0.24580000000000002,-0.14039999999999997,-0.24580000000000002,-0.14039999999999997,0.21407855265897524,0.4064712497732635,0,0.1842,0,0.1842,0.488,0.0167,0.4904,0.0167,0.1842,0.1842,0.1842,0.1842,0.1842,0.1842,0.1842,0.1842,-0.4713,-0.4713,-0.4713,0.4713,-0.4737,-0.4737,-0.4737,0.4737,0,0,1,1,2,4,7,26,34,19,26
6SBA_B,0.81,B:K15Y,B-LYS15TYR,charged,100,0.44,-0.37000000000000005,0.37000000000000005,K,Y,charged,aromatic,1,helix,TRUE,1,0,-1,1,FALSE,FALSE,9,12,3,3,0.7298,0.7169,0.9756,0.8573,0.7298,0.7169,0.9756,0.8573,-0.24580000000000002,-0.14039999999999997,-0.24580000000000002,-0.14039999999999997,0.21407855265897524,0.4064712497732635,0,0.1842,0,0.1842,0.488,0.0167,0.4904,0.0167,0.1842,0.1842,0.1842,0.1842,0.1842,0.1842,0.1842,0.1842,-0.4713,-0.4713,-0.4713,0.4713,-0.4737,-0.4737,-0.4737,0.4737,0,0,1,1,2,4,7,26,34,19,26
6SBA_B,0.35,B:A16V,B-ALA16VAL,neutral,10,0.84,0.49,0.49,A,V,nonpolar,nonpolar,1,helix,FALSE,0,0,0,0,FALSE,FALSE,5,7,2,2,0.2454,0.1774,0.6332,0.595,0.2454,0.1774,0.6332,0.595,-0.3878,-0.41759999999999997,-0.3878,-0.41759999999999997,28.72156092294972,1.3026159985488848,0,0,0,0,0.433,0.39,0.433,0.39,0,0,0,0,0,0,0,0,-0.04299999999999998,-0.04299999999999998,-0.04299999999999998,0.04299999999999998,-0.04299999999999998,-0.04299999999999998,-0.04299999999999998,0.04299999999999998,0,0,0,0,3,4,7,42,56,28,31
6SBA_B,0.35,B:A16V,B-ALA16VAL,neutral,100,0.8,0.45000000000000007,0.45000000000000007,A,V,nonpolar,nonpolar,1,helix,FALSE,0,0,0,0,FALSE,FALSE,5,7,2,2,0.2454,0.1774,0.6332,0.595,0.2454,0.1774,0.6332,0.595,-0.3878,-0.41759999999999997,-0.3878,-0.41759999999999997,28.72156092294972,1.3026159985488848,0,0,0,0,0.433,0.39,0.433,0.39,0,0,0,0,0,0,0,0,-0.04299999999999998,-0.04299999999999998,-0.04299999999999998,0.04299999999999998,-0.04299999999999998,-0.04299999999999998,-0.04299999999999998,0.04299999999999998,0,0,0,0,3,4,7,42,56,28,31
6SBA_B,2.69,B:T20A,B-THR20ALA,neutral,10,0.05,-2.64,2.64,T,A,polar,nonpolar,1,helix,FALSE,0,0,0,0,FALSE,FALSE,7,5,-2,2,0.3164,0.3133,0.4811,0.4287,0.3164,0.3133,0.4811,0.4287,-0.1647,-0.1154,-0.1647,-0.1154,4.881577535399629,0.38069435878831936,0.0766,0.0718,0.1555,0.1555,0,0,0,0,-0.004799999999999999,-0.004799999999999999,-0.004799999999999999,0.004799999999999999,0,0,0,0,0,0,0,0,0,0,0,0,1,1,0,0,1,2,2,33,30,30,28
6SBA_B,2.69,B:T20A,B-THR20ALA,neutral,100,0.06,-2.63,2.63,T,A,polar,nonpolar,1,helix,FALSE,0,0,0,0,FALSE,FALSE,7,5,-2,2,0.3164,0.3133,0.4811,0.4287,0.3164,0.3133,0.4811,0.4287,-0.1647,-0.1154,-0.1647,-0.1154,4.881577535399629,0.38069435878831936,0.0766,0.0718,0.1555,0.1555,0,0,0,0,-0.004799999999999999,-0.004799999999999999,-0.004799999999999999,0.004799999999999999,0,0,0,0,0,0,0,0,0,0,0,0,1,1,0,0,1,2,2,33,30,30,28
6SBA_B,1.5,B:W21A,B-TRP21ALA,neutral,10,2.48,0.98,0.98,W,A,aromatic,nonpolar,1,helix,FALSE,0,0,0,0,FALSE,FALSE,14,5,-9,9,0.0528,0.0502,0.1908,0.0516,0.0528,0.0502,0.1908,0.0516,-0.138,-0.0013999999999999985,-0.138,-0.0013999999999999985,36.21462248243006,1.8883849083983313,0.0478,0,0.1053,0,0,0,0,0,-0.0478,-0.0478,-0.0478,0.0478,-0.1053,-0.1053,-0.1053,0.1053,0,0,0,0,0,0,0,0,2,2,0,0,1,6,9,70,42,57,42
6SBA_B,1.5,B:W21A,B-TRP21ALA,neutral,100,1.46,-0.040000000000000036,0.040000000000000036,W,A,aromatic,nonpolar,1,helix,FALSE,0,0,0,0,FALSE,FALSE,14,5,-9,9,0.0528,0.0502,0.1908,0.0516,0.0528,0.0502,0.1908,0.0516,-0.138,-0.0013999999999999985,-0.138,-0.0013999999999999985,36.21462248243006,1.8883849083983313,0.0478,0,0.1053,0,0,0,0,0,-0.0478,-0.0478,-0.0478,0.0478,-0.1053,-0.1053,-0.1053,0.1053,0,0,0,0,0,0,0,0,2,2,0,0,1,6,9,70,42,57,42
6SBA_B,0.3,B:L22A,B-LEU22ALA,neutral,10,-0.3,-0.6,0.6,L,A,nonpolar,nonpolar,1,helix,FALSE,0,0,0,0,FALSE,FALSE,8,5,-3,3,0.5667,0.564,0.5667,0.564,0.5667,0.564,0.5667,0.564,0,0,0,0,-2.3906596381602867,0.3154326138218752,0.1005,0.0789,0.1818,0.122,0,0,0,0,-0.021600000000000008,-0.021600000000000008,-0.021600000000000008,0.021600000000000008,-0.05979999999999999,-0.05979999999999999,-0.05979999999999999,0.05979999999999999,0,0,0,0,0,0,0,0,0,0,0,0,1,1,4,35,25,35,25
6SBA_B,0.3,B:L22A,B-LEU22ALA,neutral,100,0.34,0.040000000000000036,0.040000000000000036,L,A,nonpolar,nonpolar,1,helix,FALSE,0,0,0,0,FALSE,FALSE,8,5,-3,3,0.5667,0.564,0.5667,0.564,0.5667,0.564,0.5667,0.564,0,0,0,0,-2.3906596381602867,0.3154326138218752,0.1005,0.0789,0.1818,0.122,0,0,0,0,-0.021600000000000008,-0.021600000000000008,-0.021600000000000008,0.021600000000000008,-0.05979999999999999,-0.05979999999999999,-0.05979999999999999,0.05979999999999999,0,0,0,0,0,0,0,0,0,0,0,0,1,1,4,35,25,35,25
6SBA_B,0.05,B:Q23A,B-GLN23ALA,neutral,10,-0.02,-0.07,0.07,Q,A,polar,nonpolar,1,helix,FALSE,0,0,0,0,FALSE,FALSE,9,5,-4,4,0.6754,0.6057,0.6754,0.6057,0.6754,0.6057,0.6754,0.6057,0,0,0,0,40.490321019829935,0.09690386359513449,0,0,0,0,0,0,0,0,0,0,0,0,0,0,0,0,0,0,0,0,0,0,0,0,0,0,0,0,1,1,1,30,24,30,24
6SBA_B,0.05,B:Q23A,B-GLN23ALA,neutral,100,0.05,0,0,Q,A,polar,nonpolar,1,helix,FALSE,0,0,0,0,FALSE,FALSE,9,5,-4,4,0.6754,0.6057,0.6754,0.6057,0.6754,0.6057,0.6754,0.6057,0,0,0,0,40.490321019829935,0.09690386359513449,0,0,0,0,0,0,0,0,0,0,0,0,0,0,0,0,0,0,0,0,0,0,0,0,0,0,0,0,1,1,1,30,24,30,24
6SBA_B,-1.32,B:Q23R,B-GLN23ARG,charged,10,-0.4,0.92,0.92,Q,R,polar,charged,1,helix,TRUE,0,1,1,1,FALSE,FALSE,9,11,2,2,0.6754,0.6982,0.6754,0.6982,0.6754,0.6982,0.6754,0.6982,0,0,0,0,4.960459852949498,0.3459827680029011,0,0,0,0,0,0,0,0,0,0,0,0,0,0,0,0,0,0,0,0,0,0,0,0,0,0,0,0,2,2,3,30,29,30,29
6SBA_B,-1.32,B:Q23R,B-GLN23ARG,charged,100,-0.37,0.9500000000000001,0.9500000000000001,Q,R,polar,charged,1,helix,TRUE,0,1,1,1,FALSE,FALSE,9,11,2,2,0.6754,0.6982,0.6754,0.6982,0.6754,0.6982,0.6754,0.6982,0,0,0,0,4.960459852949498,0.3459827680029011,0,0,0,0,0,0,0,0,0,0,0,0,0,0,0,0,0,0,0,0,0,0,0,0,0,0,0,0,2,2,3,30,29,30,29
6SBA_B,0.77,B:I24A,B-ILE24ALA,neutral,10,0.8,0.030000000000000027,0.030000000000000027,I,A,nonpolar,nonpolar,1,helix,FALSE,0,0,0,0,FALSE,FALSE,8,5,-3,3,0.2485,0.3413,0.511,0.4818,0.2485,0.3413,0.511,0.4818,-0.2625,-0.1405,-0.2625,-0.1405,2.0091712301600637,1.4900966805731914,0,0,0,0,0,0,0,0,0,0,0,0,0,0,0,0,0,0,0,0,0,0,0,0,0,0,0,0,0,3,4,44,30,33,29
6SBA_B,0.77,B:I24A,B-ILE24ALA,neutral,100,0.51,-0.26,0.26,I,A,nonpolar,nonpolar,1,helix,FALSE,0,0,0,0,FALSE,FALSE,8,5,-3,3,0.2485,0.3413,0.511,0.4818,0.2485,0.3413,0.511,0.4818,-0.2625,-0.1405,-0.2625,-0.1405,2.0091712301600637,1.4900966805731914,0,0,0,0,0,0,0,0,0,0,0,0,0,0,0,0,0,0,0,0,0,0,0,0,0,0,0,0,0,3,4,44,30,33,29
6SBA_B,0.48,B:S8A,B-SER8ALA,neutral,10,0.16,-0.31999999999999995,0.31999999999999995,S,A,polar,nonpolar,0,loop,FALSE,0,0,0,0,FALSE,FALSE,6,5,-1,1,0.4142,0.4304,0.4591,0.4789,0.4142,0.4304,0.4591,0.4789,-0.044899999999999995,-0.04849999999999999,-0.044899999999999995,-0.04849999999999999,1.9380091849689052,0.20816669689824055,0,0,0,0,0,0,0,0,0,0,0,0,0,0,0,0,0,0,0,0,0,0,0,0,0,0,0,0,1,3,6,23,19,21,17
6SBA_B,0.48,B:S8A,B-SER8ALA,neutral,100,0.14,-0.33999999999999997,0.33999999999999997,S,A,polar,nonpolar,0,loop,FALSE,0,0,0,0,FALSE,FALSE,6,5,-1,1,0.4142,0.4304,0.4591,0.4789,0.4142,0.4304,0.4591,0.4789,-0.044899999999999995,-0.04849999999999999,-0.044899999999999995,-0.04849999999999999,1.9380091849689052,0.20816669689824055,0,0,0,0,0,0,0,0,0,0,0,0,0,0,0,0,0,0,0,0,0,0,0,0,0,0,0,0,1,3,6,23,19,21,17
6SBA_B,0.13,B:V9A,B-VAL9ALA,neutral,10,1.19,1.06,1.06,V,A,nonpolar,nonpolar,1,helix,FALSE,0,0,0,0,FALSE,FALSE,7,5,-2,2,0.0676,0.0977,0.7354,0.7174,0.0676,0.0977,0.7354,0.7174,-0.6678000000000001,-0.6197,-0.6678000000000001,-0.6197,3.574947156939743,1.1082414293488116,0,0,0,0,0,0,0,0,0,0,0,0,0,0,0,0,0,0,0,0,0,0,0,0,0,0,0,0,2,5,8,55,40,20,16
6SBA_B,0.13,B:V9A,B-VAL9ALA,neutral,100,1.22,1.0899999999999999,1.0899999999999999,V,A,nonpolar,nonpolar,1,helix,FALSE,0,0,0,0,FALSE,FALSE,7,5,-2,2,0.0676,0.0977,0.7354,0.7174,0.0676,0.0977,0.7354,0.7174,-0.6678000000000001,-0.6197,-0.6678000000000001,-0.6197,3.574947156939743,1.1082414293488116,0,0,0,0,0,0,0,0,0,0,0,0,0,0,0,0,0,0,0,0,0,0,0,0,0,0,0,0,2,5,8,55,40,20,16
6SBA_B,1.58,B:V9F,B-VAL9PHE,neutral,10,1.74,0.15999999999999992,0.15999999999999992,V,F,nonpolar,aromatic,1,helix,FALSE,0,0,0,0,FALSE,FALSE,7,11,4,4,0.0676,0.2694,0.7354,0.8558,0.0676,0.2694,0.7354,0.8558,-0.6678000000000001,-0.5864,-0.6678000000000001,-0.5864,-1.635923123179964,3.3964153818247778,0,0.0957,0,0.1699,0,0.0359,0,0.0383,0.0957,0.0957,0.0957,0.0957,0.1699,0.1699,0.1699,0.1699,0.0359,0.0359,0.0359,0.0359,0.0383,0.0383,0.0383,0.0383,0,0,3,2,3,5,8,55,50,20,16
6SBA_B,1.58,B:V9F,B-VAL9PHE,neutral,100,0.78,-0.8,0.8,V,F,nonpolar,aromatic,1,helix,FALSE,0,0,0,0,FALSE,FALSE,7,11,4,4,0.0676,0.2694,0.7354,0.8558,0.0676,0.2694,0.7354,0.8558,-0.6678000000000001,-0.5864,-0.6678000000000001,-0.5864,-1.635923123179964,3.3964153818247778,0,0.0957,0,0.1699,0,0.0359,0,0.0383,0.0957,0.0957,0.0957,0.0957,0.1699,0.1699,0.1699,0.1699,0.0359,0.0359,0.0359,0.0359,0.0383,0.0383,0.0383,0.0383,0,0,3,2,3,5,8,55,50,20,16
6SBA_B,1.07,B:V9W,B-VAL9TRP,neutral,10,1.01,-0.06000000000000005,0.06000000000000005,V,W,nonpolar,aromatic,1,helix,FALSE,0,0,0,0,FALSE,FALSE,7,14,7,7,0.0676,0.3186,0.7354,0.8526,0.0676,0.3186,0.7354,0.8526,-0.6678000000000001,-0.534,-0.6678000000000001,-0.534,-6.778667697109995,1.9859472156720481,0,0.177,0,0.366,0,0.012,0,0.0167,0.177,0.177,0.177,0.177,0.366,0.366,0.366,0.366,0.012,0.012,0.012,0.012,0.0167,0.0167,0.0167,0.0167,0,0,3,2,3,5,8,55,49,20,18
6SBA_B,1.07,B:V9W,B-VAL9TRP,neutral,100,0.18,-0.8900000000000001,0.8900000000000001,V,W,nonpolar,aromatic,1,helix,FALSE,0,0,0,0,FALSE,FALSE,7,14,7,7,0.0676,0.3186,0.7354,0.8526,0.0676,0.3186,0.7354,0.8526,-0.6678000000000001,-0.534,-0.6678000000000001,-0.534,-6.778667697109995,1.9859472156720481,0,0.177,0,0.366,0,0.012,0,0.0167,0.177,0.177,0.177,0.177,0.366,0.366,0.366,0.366,0.012,0.012,0.012,0.012,0.0167,0.0167,0.0167,0.0167,0,0,3,2,3,5,8,55,49,20,18
6SBA_B,1.2,B:V9Y,B-VAL9TYR,neutral,10,2.53,1.3299999999999998,1.3299999999999998,V,Y,nonpolar,aromatic,1,helix,FALSE,0,0,0,0,FALSE,FALSE,7,12,5,5,0.0676,0.3022,0.7354,0.8692,0.0676,0.3022,0.7354,0.8692,-0.6678000000000001,-0.567,-0.6678000000000001,-0.567,-8.255195329880735,2.4508469073099937,0,0.1627,0,0.1914,0,0.0191,0,0.0191,0.1627,0.1627,0.1627,0.1627,0.1914,0.1914,0.1914,0.1914,0.0191,0.0191,0.0191,0.0191,0.0191,0.0191,0.0191,0.0191,0,0,3,2,3,5,8,55,49,20,16
6SBA_B,1.2,B:V9Y,B-VAL9TYR,neutral,100,1.73,0.53,0.53,V,Y,nonpolar,aromatic,1,helix,FALSE,0,0,0,0,FALSE,FALSE,7,12,5,5,0.0676,0.3022,0.7354,0.8692,0.0676,0.3022,0.7354,0.8692,-0.6678000000000001,-0.567,-0.6678000000000001,-0.567,-8.255195329880735,2.4508469073099937,0,0.1627,0,0.1914,0,0.0191,0,0.0191,0.1627,0.1627,0.1627,0.1627,0.1914,0.1914,0.1914,0.1914,0.0191,0.0191,0.0191,0.0191,0.0191,0.0191,0.0191,0.0191,0,0,3,2,3,5,8,55,49,20,16
