start,end,model_dG,model_err
CYM,CYS,-5.3128,0.0274
CYM,ASH,-36.2297,0.0293
CYM,ASP,-23.0135,0.0262
CYM,GLH,-34.3398,0.0296
CYM,GLU,-22.5092,0.0255
CYM,HID,-16.1868,0.0291
CYM,HIE,-21.7369,0.0310
CYM,HIP,-105.9590,0.0380
CYM,LYN,-4.5975,0.0283
CYM,LYS,-130.2280,0.0369
CYM,ALA,-7.7650,0.0243
CYM,PHE,0.1486,0.0298
CYM,GLY,-12.1892,0.0255
CYM,ILE,5.9472,0.0289
CYM,LEU,1.6252,0.0286
CYM,MET,-7.0131,0.0313
CYM,ASN,-43.3519,0.0291
CYM,GLN,-46.2035,0.0299
CYM,ARG,-135.6037,0.0420
CYM,SER,-4.5869,0.0255
CYM,THR,2.0615,0.0295
CYM,VAL,0.5896,0.0259
CYM,TRP,-10.3458,0.0325
CYM,TYR,-10.6484,0.0345
CYS,CYM,-128.6113,0.0291
CYS,ASH,-30.8248,0.0325
CYS,ASP,-151.7087,0.0290
CYS,GLH,-28.9338,0.0272
CYS,GLU,-151.2103,0.0266
CYS,HID,-10.8093,0.0256
CYS,HIE,-16.4056,0.0269
CYS,HIP,-100.4653,0.0264
CYS,LYN,0.7356,0.0279
CYS,LYS,-124.7110,0.0311
CYS,ALA,-2.3869,0.0209
CYS,PHE,5.5276,0.0257
CYS,GLY,-6.8326,0.0274
CYS,ILE,11.1983,0.0247
CYS,LEU,6.9070,0.0249
CYS,MET,-1.7565,0.0285
CYS,ASN,-37.8249,0.0324
CYS,PRO,35.4029,0.0322
CYS,GLN,-40.7953,0.0236
CYS,ARG,-130.1583,0.0300
CYS,SER,0.7710,0.0277
CYS,THR,7.3920,0.0340
CYS,VAL,5.8179,0.0295
CYS,TRP,-4.9025,0.0247
CYS,TYR,-5.2478,0.0366
ASH,CYM,-97.7506,0.0312
ASH,CYS,30.8056,0.0314
ASH,ASP,-120.7897,0.0303
ASH,GLH,1.8923,0.0310
ASH,GLU,-120.4140,0.0259
ASH,HID,19.9967,0.0284
ASH,HIE,14.4302,0.0281
ASH,HIP,-69.6756,0.0299
ASH,LYN,31.5733,0.0273
ASH,LYS,-93.8815,0.0297
ASH,ALA,28.3845,0.0228
ASH,PHE,36.3434,0.0285
ASH,GLY,24.0358,0.0297
ASH,ILE,42.0192,0.0243
ASH,LEU,37.6792,0.0234
ASH,MET,29.0066,0.0225
ASH,ASN,-7.0259,0.0377
ASH,PRO,66.1262,0.0286
ASH,GLN,-10.0328,0.0272
ASH,ARG,-99.3756,0.0338
ASH,SER,31.5885,0.0319
ASH,THR,38.3022,0.0320
ASH,VAL,36.7453,0.0303
ASH,TRP,25.8037,0.0281
ASH,TYR,25.5063,0.0278
ASP,CYM,23.0472,0.0279
ASP,CYS,17.5693,0.0315
ASP,ASH,-13.1998,0.0301
ASP,GLH,-11.2998,0.0292
ASP,GLU,0.4919,0.0323
ASP,HID,6.9139,0.0326
ASP,HIE,1.2118,0.0303
ASP,HIP,-82.8829,0.0406
ASP,LYN,18.4334,0.0297
ASP,LYS,-107.0827,0.0423
ASP,ALA,15.2699,0.0279
ASP,PHE,23.2483,0.0297
ASP,GLY,10.8084,0.0297
ASP,ILE,28.9499,0.0294
ASP,LEU,24.5950,0.0270
ASP,MET,15.8450,0.0307
ASP,ASN,-20.2735,0.0294
ASP,GLN,-23.2166,0.0298
ASP,ARG,-112.5640,0.0413
ASP,SER,18.3444,0.0297
ASP,THR,25.0765,0.0320
ASP,VAL,23.5486,0.0285
ASP,TRP,12.7795,0.0316
ASP,TYR,12.4219,0.0317
GLH,CYM,-99.6917,0.0256
GLH,CYS,28.9033,0.0289
GLH,ASH,-1.8565,0.0310
GLH,ASP,-122.6657,0.0278
GLH,GLU,-122.2657,0.0254
GLH,HID,18.1380,0.0271
GLH,HIE,12.4802,0.0283
GLH,HIP,-71.4758,0.0255
GLH,LYN,29.7123,0.0315
GLH,LYS,-95.6584,0.0276
GLH,ALA,26.5410,0.0221
GLH,PHE,34.4536,0.0325
GLH,GLY,22.0849,0.0296
GLH,ILE,40.1518,0.0288
GLH,LEU,35.8180,0.0235
GLH,MET,27.2002,0.0255
GLH,ASN,-8.8960,0.0350
GLH,PRO,64.4762,0.0343
GLH,GLN,-11.8204,0.0328
GLH,ARG,-101.2983,0.0307
GLH,SER,29.6782,0.0307
GLH,THR,36.3826,0.0325
GLH,VAL,34.8004,0.0299
GLH,TRP,24.0692,0.0311
GLH,TYR,23.6436,0.0361
GLU,CYM,22.6164,0.0252
GLU,CYS,17.2369,0.0297
GLU,ASH,-13.6886,0.0337
GLU,ASP,-0.4824,0.0284
GLU,GLH,-11.7872,0.0286
GLU,HID,6.4139,0.0266
GLU,HIE,0.7799,0.0279
GLU,HIP,-83.2612,0.0363
GLU,LYN,17.8703,0.0272
GLU,LYS,-107.5537,0.0362
GLU,ALA,14.7744,0.0270
GLU,PHE,22.7165,0.0279
GLU,GLY,10.2848,0.0287
GLU,ILE,28.4559,0.0272
GLU,LEU,24.1941,0.0276
GLU,MET,15.4083,0.0289
GLU,ASN,-20.7277,0.0282
GLU,GLN,-23.5565,0.0294
GLU,ARG,-113.1267,0.0386
GLU,SER,17.8458,0.0266
GLU,THR,24.6329,0.0277
GLU,VAL,23.0756,0.0263
GLU,TRP,12.3577,0.0283
GLU,TYR,11.9253,0.0302
HID,CYM,-117.8037,0.0275
HID,CYS,10.8033,0.0270
HID,ASH,-20.0932,0.0237
HID,ASP,-140.7680,0.0270
HID,GLH,-18.1298,0.0245
HID,GLU,-140.4220,0.0260
HID,HIE,-5.6273,0.0248
HID,HIP,-89.5857,0.0269
HID,LYN,11.5114,0.0264
HID,LYS,-113.9557,0.0267
HID,ALA,8.3780,0.0166
HID,PHE,16.3290,0.0267
HID,GLY,3.9596,0.0195
HID,ILE,22.0358,0.0202
HID,LEU,17.7195,0.0213
HID,MET,9.0212,0.0219
HID,ASN,-27.0674,0.0311
HID,PRO,46.2808,0.0282
HID,GLN,-29.9976,0.0237
HID,ARG,-119.4730,0.0316
HID,SER,11.5256,0.0280
HID,THR,18.3064,0.0301
HID,VAL,16.6718,0.0208
HID,TRP,5.9131,0.0231
HID,TYR,5.5322,0.0289
HIE,CYM,-112.1753,0.0287
HIE,CYS,16.4397,0.0279
HIE,ASH,-14.4134,0.0254
HIE,ASP,-135.2640,0.0297
HIE,GLH,-12.5239,0.0276
HIE,GLU,-134.7590,0.0281
HIE,HID,5.6318,0.0217
HIE,HIP,-83.9908,0.0284
HIE,LYN,17.1457,0.0230
HIE,LYS,-108.2343,0.0257
HIE,ALA,13.9832,0.0168
HIE,PHE,21.9996,0.0234
HIE,GLY,9.5892,0.0199
HIE,ILE,27.6600,0.0200
HIE,LEU,23.3484,0.0212
HIE,MET,14.7086,0.0197
HIE,ASN,-21.4118,0.0261
HIE,PRO,51.8388,0.0267
HIE,GLN,-24.4078,0.0234
HIE,ARG,-113.8697,0.0304
HIE,SER,17.1900,0.0298
HIE,THR,23.8286,0.0283
HIE,VAL,22.4214,0.0245
HIE,TRP,11.5270,0.0256
HIE,TYR,11.1177,0.0276
HIP,CYM,-162.1823,0.0370
HIP,CYS,-33.5567,0.0274
HIP,ASH,-64.4174,0.0306
HIP,ASP,-185.1140,0.0392
HIP,GLH,-62.4771,0.0267
HIP,GLU,-184.7130,0.0347
HIP,HID,-44.4213,0.0269
HIP,HIE,-49.9938,0.0305
HIP,LYN,-32.8078,0.0257
HIP,LYS,-24.2407,0.0236
HIP,ALA,-35.9937,0.0243
HIP,PHE,-28.0433,0.0307
HIP,GLY,-40.3823,0.0267
HIP,ILE,-22.2336,0.0262
HIP,LEU,-26.5850,0.0260
HIP,MET,-35.1823,0.0270
HIP,ASN,-71.4377,0.0277
HIP,GLN,-74.4012,0.0257
HIP,ARG,-29.8626,0.0273
HIP,SER,-32.7809,0.0251
HIP,THR,-26.1165,0.0331
HIP,VAL,-27.5744,0.0285
HIP,TRP,-38.3964,0.0273
HIP,TYR,-38.8907,0.0302
LYN,CYM,-129.3210,0.0273
LYN,CYS,-0.7035,0.0262
LYN,ASH,-31.5108,0.0295
LYN,ASP,-152.4117,0.0290
LYN,GLH,-29.6599,0.0313
LYN,GLU,-151.8453,0.0277
LYN,HID,-11.5348,0.0252
LYN,HIE,-17.1594,0.0249
LYN,HIP,-101.0600,0.0254
LYN,LYS,-125.4503,0.0287
LYN,ALA,-3.1102,0.0179
LYN,PHE,4.7724,0.0289
LYN,GLY,-7.5396,0.0235
LYN,ILE,10.4977,0.0217
LYN,LEU,6.2076,0.0241
LYN,MET,-2.4386,0.0228
LYN,ASN,-38.5817,0.0315
LYN,PRO,34.7658,0.0253
LYN,GLN,-41.5282,0.0257
LYN,ARG,-131.0413,0.0284
LYN,SER,0.0628,0.0309
LYN,THR,6.6772,0.0302
LYN,VAL,5.1780,0.0245
LYN,TRP,-5.5603,0.0263
LYN,TYR,-5.9892,0.0314
LYS,CYM,-137.8233,0.0329
LYS,CYS,-9.1596,0.0271
LYS,ASH,-40.0281,0.0271
LYS,ASP,-160.9167,0.0381
LYS,GLH,-38.1971,0.0252
LYS,GLU,-160.4600,0.0341
LYS,HID,-20.1075,0.0259
LYS,HIE,-25.7601,0.0266
LYS,HIP,24.3075,0.0227
LYS,LYN,-8.4723,0.0289
LYS,ALA,-11.6192,0.0235
LYS,PHE,-3.8077,0.0283
LYS,GLY,-16.1034,0.0245
LYS,ILE,2.0675,0.0253
LYS,LEU,-2.2975,0.0252
LYS,MET,-10.9554,0.0283
LYS,ASN,-47.1519,0.0263
LYS,GLN,-49.9959,0.0277
LYS,ARG,-5.4532,0.0268
LYS,SER,-8.5445,0.0255
LYS,THR,-1.8688,0.0263
LYS,VAL,-3.3590,0.0236
LYS,TRP,-14.2058,0.0279
LYS,TYR,-14.6065,0.0311
ALA,CYM,-126.2140,0.0244
ALA,CYS,2.3805,0.0218
ALA,ASH,-28.4465,0.0250
ALA,ASP,-149.2573,0.0256
ALA,GLH,-26.5860,0.0217
ALA,GLU,-148.7447,0.0247
ALA,HID,-8.3918,0.0179
ALA,HIE,-14.0277,0.0188
ALA,HIP,-97.9487,0.0239
ALA,LYN,3.1435,0.0214
ALA,LYS,-122.2853,0.0250
ALA,PHE,7.9194,0.0180
ALA,GLY,-4.4548,0.0152
ALA,ILE,13.6495,0.0146
ALA,LEU,9.3570,0.0176
ALA,MET,0.6359,0.0166
ALA,ASN,-35.4987,0.0203
ALA,PRO,37.8200,0.0204
ALA,GLN,-38.4487,0.0223
ALA,ARG,-127.8893,0.0283
ALA,SER,3.2055,0.0213
ALA,THR,9.8681,0.0248
ALA,VAL,8.3009,0.0171
ALA,TRP,-2.4546,0.0189
ALA,TYR,-2.8340,0.0248
PHE,CYM,-134.1393,0.0278
PHE,CYS,-5.5406,0.0277
PHE,ASH,-36.3282,0.0256
PHE,ASP,-157.1387,0.0280
PHE,GLH,-34.4392,0.0314
PHE,GLU,-156.5810,0.0299
PHE,HID,-16.3352,0.0238
PHE,HIE,-21.9119,0.0215
PHE,HIP,-105.9233,0.0282
PHE,LYN,-4.7881,0.0287
PHE,LYS,-130.3340,0.0285
PHE,ALA,-7.8794,0.0213
PHE,GLY,-12.3471,0.0257
PHE,ILE,5.6058,0.0191
PHE,LEU,1.3417,0.0199
PHE,MET,-7.2182,0.0248
PHE,ASN,-43.4287,0.0273
PHE,PRO,29.9395,0.0276
PHE,GLN,-46.3049,0.0261
PHE,ARG,-135.7347,0.0312
PHE,SER,-4.8222,0.0308
PHE,THR,1.8213,0.0321
PHE,VAL,0.3594,0.0284
PHE,TRP,-10.4092,0.0246
PHE,TYR,-10.7652,0.0276
GLY,CYM,-121.8030,0.0242
GLY,CYS,6.8398,0.0270
GLY,ASH,-23.9757,0.0251
GLY,ASP,-144.7973,0.0265
GLY,GLH,-22.0221,0.0243
GLY,GLU,-144.3367,0.0263
GLY,HID,-3.9467,0.0193
GLY,HIE,-9.5731,0.0218
GLY,HIP,-93.5543,0.0243
GLY,LYN,7.5476,0.0240
GLY,LYS,-117.8493,0.0262
GLY,ALA,4.4412,0.0122
GLY,PHE,12.3749,0.0258
GLY,ILE,18.0843,0.0181
GLY,LEU,13.7764,0.0190
GLY,MET,5.0914,0.0225
GLY,ASN,-30.9744,0.0238
GLY,PRO,42.2122,0.0235
GLY,GLN,-33.9368,0.0226
GLY,ARG,-123.3983,0.0307
GLY,SER,7.5502,0.0241
GLY,THR,14.2285,0.0242
GLY,VAL,12.7396,0.0180
GLY,TRP,1.9229,0.0219
GLY,TYR,1.6212,0.0268
ILE,CYM,-139.9113,0.0233
ILE,CYS,-11.2979,0.0274
ILE,ASH,-42.1735,0.0317
ILE,ASP,-162.9800,0.0289
ILE,GLH,-40.1957,0.0248
ILE,GLU,-162.3953,0.0273
ILE,HID,-22.0616,0.0217
ILE,HIE,-27.6322,0.0217
ILE,HIP,-111.6227,0.0246
ILE,LYN,-10.5065,0.0225
ILE,LYS,-135.9853,0.0275
ILE,ALA,-13.6915,0.0156
ILE,PHE,-5.7168,0.0223
ILE,GLY,-18.1100,0.0181
ILE,LEU,-4.3358,0.0176
ILE,MET,-13.0015,0.0220
ILE,ASN,-49.0960,0.0264
ILE,PRO,24.1258,0.0235
ILE,GLN,-52.0612,0.0234
ILE,ARG,-141.4073,0.0311
ILE,SER,-10.5107,0.0286
ILE,THR,-3.8377,0.0265
ILE,VAL,-5.3460,0.0182
ILE,TRP,-16.0850,0.0229
ILE,TYR,-16.6488,0.0309
LEU,CYM,-135.5537,0.0246
LEU,CYS,-6.8795,0.0246
LEU,ASH,-37.8120,0.0243
LEU,ASP,-158.5983,0.0274
LEU,GLH,-35.9016,0.0250
LEU,GLU,-158.1197,0.0241
LEU,HID,-17.7146,0.0196
LEU,HIE,-23.3617,0.0197
LEU,HIP,-107.3737,0.0264
LEU,LYN,-6.2582,0.0222
LEU,LYS,-131.6037,0.0256
LEU,ALA,-9.3503,0.0161
LEU,PHE,-1.3830,0.0221
LEU,GLY,-13.8015,0.0172
LEU,ILE,4.2822,0.0179
LEU,MET,-8.6323,0.0181
LEU,ASN,-44.7983,0.0245
LEU,PRO,28.5660,0.0253
LEU,GLN,-47.7111,0.0239
LEU,ARG,-137.3093,0.0307
LEU,SER,-6.1663,0.0269
LEU,THR,0.5645,0.0284
LEU,VAL,-1.0690,0.0196
LEU,TRP,-11.8185,0.0182
LEU,TYR,-12.3142,0.0277
MET,CYM,-126.9373,0.0262
MET,CYS,1.8286,0.0260
MET,ASH,-29.1085,0.0289
MET,ASP,-149.9230,0.0285
MET,GLH,-27.2521,0.0254
MET,GLU,-149.4777,0.0261
MET,HID,-9.0587,0.0203
MET,HIE,-14.7590,0.0189
MET,HIP,-98.7094,0.0294
MET,LYN,2.4531,0.0225
MET,LYS,-122.9050,0.0267
MET,ALA,-0.7105,0.0187
MET,PHE,7.2465,0.0242
MET,GLY,-5.1109,0.0196
MET,ILE,13.0933,0.0256
MET,LEU,8.6845,0.0205
MET,ASN,-36.1321,0.0240
MET,PRO,37.1612,0.0296
MET,GLN,-39.0863,0.0221
MET,ARG,-128.6277,0.0305
MET,SER,2.4608,0.0276
MET,THR,9.1623,0.0322
MET,VAL,7.5470,0.0204
MET,TRP,-3.1609,0.0200
MET,TYR,-3.4995,0.0255
ASN,CYM,-90.7131,0.0274
ASN,CYS,37.8657,0.0295
ASN,ASH,7.1380,0.0311
ASN,ASP,-113.6737,0.0319
ASN,GLH,8.8723,0.0318
ASN,GLU,-113.3160,0.0258
ASN,HID,27.0477,0.0277
ASN,HIE,21.4369,0.0278
ASN,HIP,-62.5209,0.0281
ASN,LYN,38.6353,0.0307
ASN,LYS,-86.8031,0.0278
ASN,ALA,35.5005,0.0215
ASN,PHE,43.4551,0.0289
ASN,GLY,31.0558,0.0252
ASN,ILE,49.1418,0.0267
ASN,LEU,44.8546,0.0263
ASN,MET,36.0909,0.0269
ASN,PRO,73.0120,0.0267
ASN,GLN,-2.8801,0.0264
ASN,ARG,-92.3508,0.0288
ASN,SER,38.5783,0.0333
ASN,THR,45.3301,0.0323
ASN,VAL,43.7549,0.0244
ASN,TRP,32.9467,0.0354
ASN,TYR,32.6114,0.0297
PRO,CYS,-35.4799,0.0353
PRO,ASH,-66.1534,0.0326
PRO,GLH,-64.3907,0.0318
PRO,HID,-46.1455,0.0251
PRO,HIE,-51.7896,0.0308
PRO,LYN,-34.6735,0.0250
PRO,ALA,-37.7064,0.0200
PRO,PHE,-29.7511,0.0340
PRO,GLY,-42.1632,0.0213
PRO,ILE,-24.0819,0.0221
PRO,LEU,-28.3885,0.0243
PRO,MET,-37.0848,0.0266
PRO,ASN,-73.3186,0.0331
PRO,GLN,-76.2045,0.0391
PRO,SER,-34.5548,0.0276
PRO,THR,-27.9097,0.0286
PRO,VAL,-29.3633,0.0206
PRO,TRP,-40.2303,0.0269
PRO,TYR,-40.8886,0.0426
GLN,CYM,-87.7532,0.0252
GLN,CYS,40.7535,0.0263
GLN,ASH,9.9811,0.0240
GLN,ASP,-110.7427,0.0284
GLN,GLH,11.9142,0.0299
GLN,GLU,-110.2717,0.0271
GLN,HID,30.0242,0.0235
GLN,HIE,24.3850,0.0216
GLN,HIP,-59.6565,0.0282
GLN,LYN,41.5452,0.0245
GLN,LYS,-83.8938,0.0262
GLN,ALA,38.3816,0.0205
GLN,PHE,46.2902,0.0318
GLN,GLY,33.9812,0.0221
GLN,ILE,52.0608,0.0210
GLN,LEU,47.7261,0.0232
GLN,MET,39.1030,0.0217
GLN,ASN,2.9086,0.0273
GLN,PRO,76.3261,0.0246
GLN,ARG,-89.5050,0.0294
GLN,SER,41.5482,0.0286
GLN,THR,48.2223,0.0294
GLN,VAL,46.7254,0.0232
GLN,TRP,35.9603,0.0250
GLN,TYR,35.5455,0.0269
ARG,CYM,-132.2663,0.0401
ARG,CYS,-3.7394,0.0302
ARG,ASH,-34.5994,0.0343
ARG,ASP,-155.2403,0.0391
ARG,GLH,-32.5869,0.0308
ARG,GLU,-154.8647,0.0369
ARG,HID,-14.5019,0.0299
ARG,HIE,-20.0497,0.0283
ARG,HIP,29.7634,0.0283
ARG,LYN,-2.9047,0.0280
ARG,LYS,5.5879,0.0278
ARG,ALA,-6.1637,0.0288
ARG,PHE,1.8280,0.0308
ARG,GLY,-10.6552,0.0280
ARG,ILE,7.6726,0.0312
ARG,LEU,3.1817,0.0257
ARG,MET,-5.2613,0.0331
ARG,ASN,-41.5490,0.0290
ARG,GLN,-44.5803,0.0310
ARG,SER,-2.9355,0.0283
ARG,THR,3.7700,0.0317
ARG,VAL,2.1841,0.0322
ARG,TRP,-8.5148,0.0302
ARG,TYR,-9.1035,0.0299
SER,CYM,-129.3707,0.0255
SER,CYS,-0.7247,0.0308
SER,ASH,-31.6534,0.0318
SER,ASP,-152.4470,0.0271
SER,GLH,-29.7194,0.0313
SER,GLU,-151.9193,0.0279
SER,HID,-11.5450,0.0266
SER,HIE,-17.1731,0.0261
SER,HIP,-101.0400,0.0262
SER,LYN,-0.0845,0.0279
SER,LYS,-125.4840,0.0277
SER,ALA,-3.1717,0.0216
SER,PHE,4.8342,0.0284
SER,GLY,-7.6130,0.0264
SER,ILE,10.5340,0.0275
SER,LEU,6.1458,0.0275
SER,MET,-2.4592,0.0270
SER,ASN,-38.6096,0.0350
SER,PRO,34.4126,0.0347
SER,GLN,-41.5259,0.0285
SER,ARG,-130.9007,0.0305
SER,THR,6.6332,0.0297
SER,VAL,5.1685,0.0266
SER,TRP,-5.5911,0.0289
SER,TYR,-6.1395,0.0334
THR,CYM,-136.0320,0.0237
THR,CYS,-7.3902,0.0395
THR,ASH,-38.3395,0.0310
THR,ASP,-158.9937,0.0274
THR,GLH,-36.3653,0.0347
THR,GLU,-158.6823,0.0285
THR,HID,-18.1883,0.0294
THR,HIE,-23.8854,0.0280
THR,HIP,-107.9143,0.0301
THR,LYN,-6.7288,0.0328
THR,LYS,-132.0913,0.0294
THR,ALA,-9.7526,0.0238
THR,PHE,-1.8592,0.0321
THR,GLY,-14.2140,0.0256
THR,ILE,3.8041,0.0258
THR,LEU,-0.4648,0.0279
THR,MET,-9.1722,0.0304
THR,ASN,-45.3398,0.0320
THR,PRO,27.9060,0.0295
THR,GLN,-48.3114,0.0296
THR,ARG,-137.6283,0.0302
THR,SER,-6.6715,0.0303
THR,VAL,-1.4477,0.0349
THR,TRP,-12.3230,0.0355
THR,TYR,-12.7019,0.0276
VAL,CYM,-134.5960,0.0244
VAL,CYS,-5.8232,0.0265
VAL,ASH,-36.7179,0.0286
VAL,ASP,-157.5383,0.0288
VAL,GLH,-34.8472,0.0247
VAL,GLU,-157.0907,0.0252
VAL,HID,-16.7120,0.0210
VAL,HIE,-22.3285,0.0206
VAL,HIP,-106.3667,0.0254
VAL,LYN,-5.1703,0.0243
VAL,LYS,-130.6020,0.0251
VAL,ALA,-8.3123,0.0167
VAL,PHE,-0.3817,0.0253
VAL,GLY,-12.7791,0.0189
VAL,ILE,5.3126,0.0177
VAL,LEU,1.0179,0.0194
VAL,MET,-7.6100,0.0208
VAL,ASN,-43.7671,0.0262
VAL,PRO,29.5857,0.0216
VAL,GLN,-46.7089,0.0207
VAL,ARG,-136.2023,0.0288
VAL,SER,-5.1934,0.0277
VAL,THR,1.5303,0.0270
VAL,TRP,-10.8044,0.0274
VAL,TYR,-11.1741,0.0278
TRP,CYM,-123.7713,0.0299
TRP,CYS,4.9937,0.0263
TRP,ASH,-25.8502,0.0265
TRP,ASP,-146.7830,0.0293
TRP,GLH,-24.0049,0.0282
TRP,GLU,-146.3107,0.0268
TRP,HID,-5.9318,0.0238
TRP,HIE,-11.5018,0.0253
TRP,HIP,-95.5085,0.0275
TRP,LYN,5.5502,0.0261
TRP,LYS,-119.8303,0.0290
TRP,ALA,2.4528,0.0176
TRP,PHE,10.4953,0.0271
TRP,GLY,-1.9469,0.0246
TRP,ILE,16.1614,0.0259
TRP,LEU,11.8083,0.0192
TRP,MET,3.1796,0.0198
TRP,ASN,-32.9761,0.0302
TRP,PRO,40.3985,0.0393
TRP,GLN,-35.8638,0.0250
TRP,ARG,-125.3820,0.0339
TRP,SER,5.6257,0.0323
TRP,THR,12.2987,0.0334
TRP,VAL,10.7745,0.0282
TRP,TYR,-0.4176,0.0294
TYR,CYM,-123.3677,0.0301
TYR,CYS,5.2889,0.0345
TYR,ASH,-25.5483,0.0348
TYR,ASP,-146.3070,0.0299
TYR,GLH,-23.5933,0.0342
TYR,GLU,-145.9483,0.0282
TYR,HID,-5.4681,0.0273
TYR,HIE,-11.1947,0.0254
TYR,HIP,-95.0730,0.0342
TYR,LYN,5.9048,0.0266
TYR,LYS,-119.3627,0.0335
TYR,ALA,2.9100,0.0234
TYR,PHE,10.7794,0.0300
TYR,GLY,-1.5441,0.0274
TYR,ILE,16.5530,0.0222
TYR,LEU,12.2331,0.0233
TYR,MET,3.5854,0.0250
TYR,ASN,-32.6104,0.0255
TYR,PRO,41.0689,0.0491
TYR,GLN,-35.4313,0.0287
TYR,ARG,-125.0967,0.0341
TYR,SER,6.0540,0.0346
TYR,THR,12.8237,0.0380
TYR,VAL,11.1773,0.0275
TYR,TRP,0.3479,0.0284
